timestamp,run_id,channel,carousel_length,trend_skin,status
2026-02-27T11:13:31.394Z,run_529253d7-5e51-46c0-bb67-762459ee5612,SERVICES,5,CLEAN_MINIMAL_PRO,complete
2026-02-27T11:28:59.626Z,run_4f944d59-f523-4575-aec1-390f219ed3d0,SERVICES,5,CLEAN_MINIMAL_PRO,complete
2026-02-27T11:29:13.160Z,run_4cb91ff6-7b73-4dd0-b2ca-f64a691a962f,SERVICES,9,GLITCHY_GLAM,complete
2026-02-27T11:29:54.134Z,run_18d3ce24-f017-4c69-bb49-bd8b0c0ee9d5,SERVICES,5,CLEAN_MINIMAL_PRO,complete
2026-02-27T11:30:07.286Z,run_9c3d5e76-ba4b-4033-84ec-28b8f34f77c5,SERVICES,9,GLITCHY_GLAM,complete
2026-02-27T11:30:28.814Z,run_0fa43ff0-9540-4858-95c0-ba36db8b699e,SHOP,9,GUMMY_GLOSS,complete
2026-02-27T11:41:50.141Z,run_3d366eb0-fff7-459c-8065-1725e557efe6,SERVICES,5,CLEAN_MINIMAL_PRO,complete
2026-02-27T12:12:51.151Z,run_2d69af59-2e70-4498-83a5-ff4d3fb9b959,SERVICES,5,CLEAN_MINIMAL_PRO,complete
2026-02-27T12:16:20.765Z,run_252c76e4-98f3-4b5a-b3bb-feb9d560b5b0,SERVICES,5,CLEAN_MINIMAL_PRO,complete
